{"iteration": 0, "iter_time": 54.833099365234375, "data_time": 17.25297737121582, "lr": 0.0, "wd": 0.04000000000000001, "mom": 0.994, "last_layer_lr": 0.0, "current_batch_size": 32.0, "total_loss": 14.998883247375488, "dino_local_crops_loss": 10.585206031799316, "dino_global_crops_loss": 1.322462558746338, "koleo_loss": 0.09356689453125, "ibot_loss": 2.997648000717163}
{"iteration": 10, "iter_time": 6.055344104766846, "data_time": 1.5686603784561157, "lr": 4.773497541648766e-08, "wd": 0.040000000224870075, "mom": 0.9940000000084326, "last_layer_lr": 0.0, "current_batch_size": 32.0, "total_loss": 14.998051643371582, "dino_local_crops_loss": 10.58535385131836, "dino_global_crops_loss": 1.3224434852600098, "koleo_loss": 0.0927734375, "ibot_loss": 2.9975051879882812}
{"iteration": 20, "iter_time": 1.0118067264556885, "data_time": 0.0002902507840190083, "lr": 9.546995083297532e-08, "wd": 0.04000000089948036, "mom": 0.9940000000337305, "last_layer_lr": 0.0, "current_batch_size": 32.0, "total_loss": 14.994068145751953, "dino_local_crops_loss": 10.58535385131836, "dino_global_crops_loss": 1.322391390800476, "koleo_loss": 0.08837890625, "ibot_loss": 2.997493267059326}
{"iteration": 30, "iter_time": 1.0930614471435547, "data_time": 0.00040284395799972117, "lr": 1.9093990166595064e-07, "wd": 0.04000000359792141, "mom": 0.9940000001349221, "last_layer_lr": 0.0, "current_batch_size": 32.0, "total_loss": 14.98086929321289, "dino_local_crops_loss": 10.585417747497559, "dino_global_crops_loss": 1.3221606016159058, "koleo_loss": 0.07568359375, "ibot_loss": 2.997501850128174}
{"iteration": 40, "iter_time": 1.8808128833770752, "data_time": 0.000435197347542271, "lr": 2.86409852498926e-07, "wd": 0.04000000809532306, "mom": 0.9940000003035746, "last_layer_lr": 0.0, "current_batch_size": 32.0, "total_loss": 14.956335067749023, "dino_local_crops_loss": 10.585453987121582, "dino_global_crops_loss": 1.3220593929290771, "koleo_loss": 0.05126953125, "ibot_loss": 2.997490882873535}
{"iteration": 50, "iter_time": 2.270129680633545, "data_time": 0.00038673877133987844, "lr": 3.818798033319013e-07, "wd": 0.04000001439168524, "mom": 0.9940000005396882, "last_layer_lr": 0.0, "current_batch_size": 32.0, "total_loss": 14.927400588989258, "dino_local_crops_loss": 10.585269927978516, "dino_global_crops_loss": 1.322535753250122, "koleo_loss": 0.022247314453125, "ibot_loss": 2.9974403381347656}
{"iteration": 60, "iter_time": 2.2982630729675293, "data_time": 0.00033570529194548726, "lr": 4.773497541648766e-07, "wd": 0.04000002248700779, "mom": 0.9940000008432628, "last_layer_lr": 0.0, "current_batch_size": 32.0, "total_loss": 14.909749031066895, "dino_local_crops_loss": 10.584806442260742, "dino_global_crops_loss": 1.3230600357055664, "koleo_loss": 0.00445556640625, "ibot_loss": 2.997263193130493}
{"iteration": 70, "iter_time": 2.6348228454589844, "data_time": 0.00034095050068572164, "lr": 5.72819704997852e-07, "wd": 0.04000003238129057, "mom": 0.9940000012142984, "last_layer_lr": 0.0, "current_batch_size": 32.0, "total_loss": 14.896782875061035, "dino_local_crops_loss": 10.583271026611328, "dino_global_crops_loss": 1.3231029510498047, "koleo_loss": -0.00628662109375, "ibot_loss": 2.9966909885406494}
{"iteration": 80, "iter_time": 2.835853099822998, "data_time": 0.0003820061683654785, "lr": 6.682896558308273e-07, "wd": 0.04000004407453328, "mom": 0.994000001652795, "last_layer_lr": 0.0, "current_batch_size": 32.0, "total_loss": 14.886799812316895, "dino_local_crops_loss": 10.58119010925293, "dino_global_crops_loss": 1.3230565786361694, "koleo_loss": -0.013336181640625, "ibot_loss": 2.995798110961914}
{"iteration": 90, "iter_time": 2.8673439025878906, "data_time": 0.00038936137570999563, "lr": 7.637596066638026e-07, "wd": 0.04000005756673575, "mom": 0.9940000021587526, "last_layer_lr": 0.0, "current_batch_size": 32.0, "total_loss": 14.877551078796387, "dino_local_crops_loss": 10.577216148376465, "dino_global_crops_loss": 1.322908878326416, "koleo_loss": -0.0173492431640625, "ibot_loss": 2.99480938911438}
